database_id,disease_name,qualifier,hpo_id,reference,evidence,onset,frequency,sex,modifier,aspect,biocuration,creation_date
OMIM:610370,"Diarrhea 4, malabsorptive, congenital",,HP:0001508,PMID:16855267,PCS,,1/1,,,P,HPO:iea[2009-02-17];HPO:probinson[2026-01-13],2009-02-17
OMIM:610370,"Diarrhea 4, malabsorptive, congenital",,HP:0004918,PMID:16855267,PCS,,3/3,,,P,HPO:iea[2009-02-17];HPO:probinson[2026-01-13],2009-02-17
OMIM:610370,"Diarrhea 4, malabsorptive, congenital",,HP:0001944,PMID:16855267,PCS,,3/3,,,P,HPO:iea[2009-02-17];HPO:probinson[2026-01-13],2009-02-17
OMIM:610370,"Diarrhea 4, malabsorptive, congenital",,HP:0003623,PMID:16855267,PCS,,3/3,,,C,HPO:iea[2009-02-17];HPO:probinson[2026-01-13],2009-02-17
OMIM:610370,"Diarrhea 4, malabsorptive, congenital",,HP:0002014,PMID:16855267,PCS,,,,,P,HPO:skoehler[2009-02-17];HPO:probinson[2026-01-13],2009-02-17
OMIM:610370,"Diarrhea 4, malabsorptive, congenital",,HP:0002013,PMID:16855267,PCS,,1/1,,,P,HPO:iea[2009-02-17];HPO:probinson[2026-01-13],2009-02-17
OMIM:610370,"Diarrhea 4, malabsorptive, congenital",,HP:0000007,PMID:16855267,PCS,,,,,I,HPO:iea[2009-02-17];HPO:probinson[2026-01-13],2009-02-17
OMIM:614923,Branched-chain keto acid dehydrogenase kinase deficiency,,HP:0001250,PMID:36729635;PMID:22956686,PCS,,11/25,,,P,HPO:skoehler[2013-01-11];HPO:probinson[2024-04-27];ORCID:0000-0002-0736-9199[2024-04-27],2013-01-11
OMIM:614923,Branched-chain keto acid dehydrogenase kinase deficiency,,HP:0000717,PMID:36729635,PCS,,11/19,,,P,HPO:skoehler[2013-01-09];HPO:probinson[2024-04-27],2013-01-09
OMIM:614923,Branched-chain keto acid dehydrogenase kinase deficiency,,HP:0001249,PMID:36729635;PMID:22956686,PCS,,22/22,,,P,HPO:skoehler[2013-01-11];HPO:probinson[2024-04-27];ORCID:0000-0002-0736-9199[2024-04-27],2013-01-11
OMIM:256500,Netherton syndrome,,HP:0100806,PMID:28289593;PMID:24506793;PMID:19683336;PMID:15656819;PMID:39036217,PCS,,7/11,,,P,HPO:probinson[2023-06-07];ORCID:0000-0002-0736-9199[2025-11-03],2023-06-07
OMIM:256500,Netherton syndrome,,HP:0004315,PMID:28289593,PCS,,1/1,,,P,HPO:skoehler[2019-09-07];HPO:probinson[2025-11-03],2019-09-07
OMIM:256500,Netherton syndrome,,HP:0001581,PMID:37102386;PMID:24506793;PMID:40607310;PMID:19683336;PMID:17989726;PMID:11841556,PCS,,34/43,,,P,HPO:probinson[2023-06-07];ORCID:0000-0002-0736-9199[2025-11-03],2023-06-07
OMIM:256500,Netherton syndrome,,HP:0000007,PMID:10835624,PCS,,,,,I,HPO:probinson[2009-02-17];HPO:probinson[2023-06-07],2009-02-17
OMIM:256500,Netherton syndrome,,HP:0003577,PMID:16670861;PMID:25710899;PMID:19683336;PMID:11841556;PMID:38419182;PMID:41047924;PMID:28289593;PMID:24506793;PMID:38025195;PMID:31990481;PMID:34138484;PMID:26997095;PMID:30016041;PMID:37102386;PMID:32767583;PMID:23802543;PMID:31450277;PMID:27988933;PMID:15656819;PMID:39036217;PMID:34888090;PMID:11952552;PMID:33452875;PMID:40607310;PMID:22377713;PMID:34862657,PCS,,68/68,,,C,HPO:probinson[2023-06-07];ORCID:0000-0002-0736-9199[2025-11-03],2023-06-07
OMIM:256500,Netherton syndrome,,HP:0003212,PMID:37102386;PMID:16670861;PMID:23802543;PMID:20107740;PMID:39036217;PMID:15656819;PMID:27988933;PMID:11841556;PMID:34888090;PMID:38419182;PMID:22089833;PMID:41047924;PMID:21692842;PMID:24506793;PMID:36165187;PMID:33452875;PMID:40607310;PMID:17989726;PMID:26031502;PMID:31990481;PMID:26997095;PMID:34138484,PCS,,64/68,,,P,HPO:probinson[2009-02-17];HPO:probinson[2025-11-03];ORCID:0000-0002-0736-9199[2025-11-03],2009-02-17
OMIM:256500,Netherton syndrome,,HP:0004798,PMID:19683336,PCS,,6/9,,,P,HPO:probinson[2023-06-07],2023-06-07
OMIM:256500,Netherton syndrome,,HP:0002257,PMID:19683336,PCS,,3/7,,,P,HPO:probinson[2023-06-07],2023-06-07
OMIM:256500,Netherton syndrome,,HP:0002099,PMID:37102386;PMID:24506793;PMID:23802543;PMID:19683336;PMID:17989726;PMID:33534181;PMID:11841556;PMID:38419182;PMID:26031502;PMID:22089833;PMID:26365906;PMID:22377713,PCS,,20/62,,,P,HPO:probinson[2009-02-17];HPO:probinson[2025-11-03];ORCID:0000-0002-0736-9199[2025-11-03],2009-02-17
OMIM:256500,Netherton syndrome,,HP:0011473,OMIM:256500,TAS,,,,,P,HPO:probinson[2012-09-18],2012-09-18
OMIM:256500,Netherton syndrome,,HP:0045075,PMID:16670861;PMID:31450277;PMID:39036217;PMID:20107740;PMID:15656819;PMID:38419182;PMID:41047924;PMID:28289593;PMID:40607310;PMID:33452875;PMID:26031502;PMID:34862657;PMID:22377713,PCS,,17/17,,,P,HPO:probinson[2009-02-17];HPO:probinson[2025-11-03];ORCID:0000-0002-0736-9199[2025-11-03],2009-02-17
OMIM:256500,Netherton syndrome,,HP:0011100,OMIM:256500,IEA,,HP:0040284,,,P,HPO:skoehler[2019-09-07],2019-09-07
OMIM:256500,Netherton syndrome,,HP:0001025,PMID:37102386;PMID:17989726;PMID:11841556;PMID:31990481;PMID:22089833;PMID:22377713,PCS,,10/44,,,P,HPO:probinson[2009-02-17];HPO:probinson[2025-11-03];ORCID:0000-0002-0736-9199[2025-11-03],2009-02-17
OMIM:256500,Netherton syndrome,,HP:0001263,PMID:28289593;PMID:37102386;PMID:16670861;PMID:34888090,PCS,,5/11,,,P,HPO:probinson[2009-02-17];HPO:probinson[2025-11-03];ORCID:0000-0002-0736-9199[2025-11-03],2009-02-17
OMIM:256500,Netherton syndrome,,HP:0000964,PMID:33452875;PMID:19683336;PMID:27988933;PMID:33534181;PMID:11841556;PMID:31990481;PMID:26031502;PMID:22089833;PMID:22377713;PMID:21692842,PCS,,41/43,,,P,HPO:probinson[2023-06-07];ORCID:0000-0002-0736-9199[2025-11-03],2023-06-07
OMIM:256500,Netherton syndrome,,HP:0001019,PMID:28289593;OMIM:256500;PMID:11952552;PMID:17989726;PMID:39036217;PMID:38419182;PMID:26997095;PMID:41047924;PMID:21692842,PCS,,22/23,,,P,HPO:probinson[2009-02-17];ORCID:0000-0002-0736-9199[2025-11-03],2009-02-17
OMIM:256500,Netherton syndrome,,HP:0032061,OMIM:256500,IEA,,,,,P,HPO:skoehler[2019-04-18],2019-04-18
OMIM:256500,Netherton syndrome,,HP:0002209,PMID:24506793;PMID:23802543;PMID:40607310;PMID:15656819;PMID:39036217;PMID:20107740;PMID:38419182;PMID:34138484,PCS,,12/12,,,P,HPO:probinson[2009-02-17];HPO:probinson[2025-11-03];ORCID:0000-0002-0736-9199[2025-11-03],2009-02-17
OMIM:256500,Netherton syndrome,,HP:0002205,PMID:32767583;PMID:37102386;PMID:19683336,PCS,,12/16,,,P,HPO:probinson[2023-06-07];HPO:probinson[2023-06-07];ORCID:0000-0002-0736-9199[2025-11-03],2023-06-07
OMIM:616462,"Acrofacial dysostosis, Cincinnati type",,HP:0004325,PMID:25913037,PCS,,1/3,,,P,HPO:skoehler[2015-08-16];HPO:probinson[2022-09-24],2015-08-16
OMIM:616462,"Acrofacial dysostosis, Cincinnati type",,HP:0004322,PMID:25913037,PCS,,1/3,,,P,HPO:skoehler[2015-08-16];HPO:probinson[2022-09-24],2015-08-16
OMIM:616462,"Acrofacial dysostosis, Cincinnati type",,HP:0008807,PMID:25913037,PCS,,1/3,,,P,HPO:skoehler[2015-08-16];HPO:probinson[2022-09-24],2015-08-16
OMIM:616462,"Acrofacial dysostosis, Cincinnati type",,HP:0034260,PMID:25913037,PCS,,1/3,,,P,HPO:probinson[2022-09-24],2022-09-24
OMIM:616462,"Acrofacial dysostosis, Cincinnati type",,HP:0000636,PMID:25913037;PMID:37075751,PCS,,2/4,,,P,HPO:probinson[2022-09-24];ORCID:0000-0001-7941-2961[2024-04-01],2022-09-24
OMIM:616462,"Acrofacial dysostosis, Cincinnati type",,HP:0000494,PMID:25913037,PCS,,1/3,,,P,HPO:skoehler[2015-08-16];HPO:probinson[2022-09-24],2015-08-16
OMIM:616462,"Acrofacial dysostosis, Cincinnati type",,HP:0011800,PMID:25913037,PCS,,2/3,,,P,HPO:skoehler[2017-07-13];HPO:probinson[2022-09-24],2017-07-13
OMIM:616462,"Acrofacial dysostosis, Cincinnati type",,HP:0000400,PMID:25913037,PCS,,1/3,,,P,HPO:skoehler[2015-08-16];HPO:probinson[2022-09-24],2015-08-16
OMIM:616462,"Acrofacial dysostosis, Cincinnati type",,HP:0000006,PMID:25913037,PCS,,,,,I,HPO:skoehler[2015-12-30];HPO:probinson[2022-09-24],2015-12-30
OMIM:616462,"Acrofacial dysostosis, Cincinnati type",,HP:0003577,PMID:25913037;PMID:37075751,PCS,,15/20,,,C,HPO:probinson[2022-09-24];ORCID:0000-0001-7941-2961[2024-04-01],2022-09-24
OMIM:616462,"Acrofacial dysostosis, Cincinnati type",,HP:0011224,PMID:25913037,PCS,,1/3,,,P,HPO:probinson[2022-09-24],2022-09-24
OMIM:616462,"Acrofacial dysostosis, Cincinnati type",,HP:0002980,PMID:25913037,PCS,,1/3,,,P,HPO:skoehler[2015-08-16];HPO:probinson[2022-09-24],2015-08-16
OMIM:616462,"Acrofacial dysostosis, Cincinnati type",,HP:0001643,PMID:25913037,PCS,,1/3,,,P,HPO:skoehler[2015-08-16];HPO:probinson[2022-09-24],2015-08-16
OMIM:616462,"Acrofacial dysostosis, Cincinnati type",,HP:0000278,PMID:25913037,PCS,,1/3,,,P,HPO:skoehler[2018-10-08];HPO:probinson[2022-09-24],2018-10-08
OMIM:616462,"Acrofacial dysostosis, Cincinnati type",,HP:0000453,PMID:25913037,PCS,,1/3,,,P,HPO:skoehler[2015-08-16];HPO:probinson[2022-09-24],2015-08-16
OMIM:616462,"Acrofacial dysostosis, Cincinnati type",,HP:0030307,PMID:25913037,PCS,,1/3,,,P,HPO:probinson[2022-09-24],2022-09-24
OMIM:616462,"Acrofacial dysostosis, Cincinnati type",,HP:0009892,PMID:25913037,PCS,,1/3,,,P,HPO:skoehler[2018-10-08];HPO:probinson[2022-09-24],2018-10-08
OMIM:616462,"Acrofacial dysostosis, Cincinnati type",,HP:0000327,PMID:25913037,PCS,,1/3,,,P,HPO:skoehler[2015-08-16];HPO:probinson[2022-09-24],2015-08-16
OMIM:616462,"Acrofacial dysostosis, Cincinnati type",,HP:0000652,PMID:25913037,PCS,,1/3,,,P,HPO:probinson[2022-09-24];HPO:probinson[2022-09-24],2022-09-24
OMIM:618505,Stolerman neurodevelopmental syndrome,,HP:0002384,PMID:31124279,PCS,,1/12,,,P,HPO:probinson[2023-02-20],2023-02-20
OMIM:618505,Stolerman neurodevelopmental syndrome,,HP:0003593,PMID:31124279,PCS,,3/12,,,C,HPO:probinson[2023-02-20],2023-02-20
OMIM:618505,Stolerman neurodevelopmental syndrome,,HP:0000752,PMID:31124279,PCS,,1/12,,,P,HPO:skoehler[2019-09-07],2019-09-07
OMIM:618505,Stolerman neurodevelopmental syndrome,,HP:0001169,PMID:31124279,PCS,,4/11,,,P,HPO:probinson[2023-02-20],2023-02-20
OMIM:618505,Stolerman neurodevelopmental syndrome,,HP:0011098,PMID:31124279,PCS,,1/12,,,P,HPO:skoehler[2019-09-07],2019-09-07
OMIM:618505,Stolerman neurodevelopmental syndrome,,HP:0004209,PMID:31124279,PCS,,2/12,,,P,HPO:skoehler[2019-09-07];HPO:probinson[2023-02-20],2019-09-07
OMIM:618505,Stolerman neurodevelopmental syndrome,,HP:0000400,PMID:31124279,PCS,,1/1,,,P,HPO:skoehler[2019-09-07];HPO:probinson[2023-02-20],2019-09-07
OMIM:618505,Stolerman neurodevelopmental syndrome,,HP:0001034,PMID:31124279,PCS,,1/12,,,P,HPO:skoehler[2019-09-07],2019-09-07
OMIM:618505,Stolerman neurodevelopmental syndrome,,HP:0002360,PMID:37196654;PMID:31124279,PCS,,16/61,,,P,HPO:probinson[2023-02-20];HPO:probinson[2023-02-20];ORCID:0000-0002-0736-9199[2025-11-09],2023-02-20
OMIM:618505,Stolerman neurodevelopmental syndrome,,HP:0001270,PMID:37196654;PMID:31124279,PCS,,33/41,,,P,HPO:probinson[2023-02-20];HPO:probinson[2023-02-20];ORCID:0000-0002-0736-9199[2025-11-09],2023-02-20
OMIM:618505,Stolerman neurodevelopmental syndrome,,HP:0001028,PMID:31124279,PCS,,1/12,,,P,HPO:skoehler[2019-09-07],2019-09-07
OMIM:618505,Stolerman neurodevelopmental syndrome,,HP:0000750,PMID:37196654;PMID:31124279,PCS,,72/77,,,P,HPO:probinson[2023-02-20];HPO:probinson[2023-02-20];ORCID:0000-0002-0736-9199[2025-11-09],2023-02-20
OMIM:618505,Stolerman neurodevelopmental syndrome,,HP:0000193,PMID:31124279,PCS,,1/1,,,P,HPO:probinson[2023-02-20],2023-02-20
OMIM:618505,Stolerman neurodevelopmental syndrome,,HP:0000506,PMID:31124279,PCS,,1/1,,,P,HPO:skoehler[2019-09-07],2019-09-07
OMIM:618505,Stolerman neurodevelopmental syndrome,,HP:0001159,PMID:37196654;PMID:31124279,PCS,,5/65,,,P,HPO:probinson[2023-02-20];ORCID:0000-0002-0736-9199[2025-11-09],2023-02-20
OMIM:618505,Stolerman neurodevelopmental syndrome,,HP:0000164,PMID:31124279,PCS,,1/12,,,P,HPO:skoehler[2019-09-07];HPO:probinson[2023-02-20],2019-09-07
OMIM:618505,Stolerman neurodevelopmental syndrome,,HP:0001252,PMID:37196654;PMID:31124279,PCS,,8/11,,,P,HPO:probinson[2023-02-20];HPO:probinson[2023-02-20];ORCID:0000-0002-0736-9199[2025-11-09],2023-02-20
OMIM:618505,Stolerman neurodevelopmental syndrome,,HP:0000280,PMID:37196654;PMID:31124279,PCS,,7/13,,,P,HPO:probinson[2023-02-20];HPO:probinson[2023-02-20];ORCID:0000-0002-0736-9199[2025-11-09],2023-02-20
OMIM:618505,Stolerman neurodevelopmental syndrome,,HP:0000957,PMID:37196654;PMID:31124279,PCS,,5/15,,,P,HPO:skoehler[2019-09-07];ORCID:0000-0002-0736-9199[2025-11-09],2019-09-07
OMIM:618505,Stolerman neurodevelopmental syndrome,,HP:0000293,PMID:37196654;PMID:31124279,PCS,,5/5,,,P,HPO:skoehler[2019-09-07];ORCID:0000-0002-0736-9199[2025-11-09],2019-09-07
OMIM:618505,Stolerman neurodevelopmental syndrome,,HP:0002557,PMID:31124279,PCS,,1/1,,,P,HPO:skoehler[2019-09-07],2019-09-07
OMIM:618505,Stolerman neurodevelopmental syndrome,,HP:0000154,PMID:37196654;PMID:31124279,PCS,,5/5,,,P,HPO:skoehler[2019-09-07];ORCID:0000-0002-0736-9199[2025-11-09],2019-09-07
OMIM:618505,Stolerman neurodevelopmental syndrome,,HP:0005280,PMID:37196654;PMID:31124279,PCS,,3/3,,,P,HPO:skoehler[2019-09-07];ORCID:0000-0002-0736-9199[2025-11-09],2019-09-07
OMIM:618505,Stolerman neurodevelopmental syndrome,,HP:0000028,PMID:31124279,PCS,,1/8,MALE,,P,HPO:skoehler[2019-09-07];HPO:probinson[2023-02-20],2019-09-07
OMIM:618505,Stolerman neurodevelopmental syndrome,,HP:0012471,PMID:31124279,PCS,,3/3,,,P,HPO:skoehler[2019-09-07],2019-09-07
OMIM:618505,Stolerman neurodevelopmental syndrome,,HP:0000006,PMID:31124279,PCS,,,,,I,HPO:skoehler[2019-09-07];HPO:probinson[2023-02-20],2019-09-07
OMIM:618505,Stolerman neurodevelopmental syndrome,,HP:0000577,PMID:31124279,PCS,,1/1,,,P,HPO:skoehler[2019-09-07],2019-09-07
OMIM:618505,Stolerman neurodevelopmental syndrome,,HP:0000311,PMID:31124279,PCS,,1/1,,,P,HPO:skoehler[2019-09-07],2019-09-07
OMIM:618505,Stolerman neurodevelopmental syndrome,,HP:0000565,PMID:37196654;PMID:31124279,PCS,,2/13,,,P,HPO:skoehler[2019-09-07];ORCID:0000-0002-0736-9199[2025-11-09],2019-09-07
OMIM:618505,Stolerman neurodevelopmental syndrome,,HP:0000426,PMID:37196654;PMID:31124279,PCS,,7/15,,,P,HPO:probinson[2023-02-20];HPO:probinson[2023-02-20];ORCID:0000-0002-0736-9199[2025-11-09],2023-02-20
OMIM:618505,Stolerman neurodevelopmental syndrome,,HP:0000303,PMID:31124279,PCS,,3/12,,,P,HPO:skoehler[2019-09-07];HPO:probinson[2023-02-20],2019-09-07
OMIM:142900,Holt-Oram syndrome,,HP:0040019,OMIM:142900,PCS,,33/55,,,P,HPO:iea[2018-03-13],2018-03-13
OMIM:142900,Holt-Oram syndrome,,HP:0011927,PMID:8730285;PMID:16917909,PCS,,31/58,,,P,HPO:iea[2018-03-13];ORCID:0000-0002-0736-9199[2024-04-01],2018-03-13
OMIM:142900,Holt-Oram syndrome,,HP:0002943,OMIM:142900,IEA,,,,,P,HPO:iea[2009-02-17],2009-02-17
OMIM:142900,Holt-Oram syndrome,,HP:0004383,OMIM:142900,IEA,,,,,P,HPO:skoehler[2010-06-20],2010-06-20
OMIM:142900,Holt-Oram syndrome,,HP:0009829,OMIM:142900,IEA,,,,,P,HPO:iea[2009-02-17],2009-02-17
OMIM:142900,Holt-Oram syndrome,,HP:0003982,PMID:20519243;PMID:8730285,PCS,,5/56,,,P,HPO:iea[2018-03-13];ORCID:0000-0002-0736-9199[2024-04-01],2018-03-13
OMIM:142900,Holt-Oram syndrome,,HP:0001159,PMID:8730285,PCS,,7/55,,,P,HPO:iea[2018-03-13],2018-03-13
OMIM:142900,Holt-Oram syndrome,,HP:0009944,OMIM:142900,IEA,,,,,P,HPO:iea[2009-02-17],2009-02-17
OMIM:142900,Holt-Oram syndrome,,HP:0000894,PMID:18828908;PMID:8730285,PCS,,41/56,,,P,HPO:iea[2018-03-13];ORCID:0000-0002-0736-9199[2024-04-01],2018-03-13
OMIM:142900,Holt-Oram syndrome,,HP:0001245,OMIM:142900,PCS,,42/55,,,P,HPO:iea[2018-03-13],2018-03-13
OMIM:142900,Holt-Oram syndrome,,HP:0009751,PMID:8730285,PCS,,34/55,,,P,HPO:iea[2009-02-17],2009-02-17
OMIM:615829,Xia-Gibbs syndrome,,HP:0025267,PMID:31182893;PMID:24791903,PCS,,2/5,,,P,HPO:skoehler[2017-07-13];HPO:probinson[2022-10-30];ORCID:0000-0002-0736-9199[2025-03-05],2017-07-13
OMIM:615829,Xia-Gibbs syndrome,,HP:0001601,PMID:29230160;PMID:24791903,PCS,,3/5,,,P,HPO:skoehler[2014-07-11];HPO:probinson[2022-10-30];ORCID:0000-0002-0736-9199[2025-03-05],2014-07-11
OMIM:615829,Xia-Gibbs syndrome,,HP:0000494,PMID:35716097;PMID:38357260;PMID:30622101;PMID:34229113;PMID:29230160;PMID:34950897;PMID:31182893;PMID:29696776;PMID:30152016;PMID:32256298;PMID:30729726;PMID:24791903,PCS,,4/39,,,P,HPO:skoehler[2014-07-11];HPO:probinson[2022-10-30];ORCID:0000-0002-0736-9199[2025-03-05],2014-07-11
OMIM:615829,Xia-Gibbs syndrome,,HP:0000006,PMID:24791903,PCS,,,,,I,HPO:skoehler[2015-12-30];HPO:probinson[2022-10-30],2015-12-30
OMIM:615829,Xia-Gibbs syndrome,,HP:0000369,PMID:38357260;PMID:35716097;PMID:34229113;PMID:34950897;PMID:31182893;PMID:29696776;PMID:30152016;PMID:34073322;PMID:30729726;PMID:24791903,PCS,,13/41,,,P,HPO:skoehler[2014-07-11];HPO:probinson[2022-10-30];ORCID:0000-0002-0736-9199[2025-03-05],2014-07-11
OMIM:615829,Xia-Gibbs syndrome,,HP:0003577,PMID:35716097;PMID:38357260;PMID:30152016;PMID:24791903,PCS,,8/21,,,C,HPO:probinson[2022-10-30];ORCID:0000-0002-0736-9199[2025-03-05],2022-10-30
OMIM:615829,Xia-Gibbs syndrome,,HP:0000582,PMID:35716097;PMID:38357260;PMID:30622101;PMID:29230160;PMID:34229113;PMID:34950897;PMID:31182893;PMID:29696776;PMID:30152016;PMID:30729726;PMID:32256298;PMID:24791903,PCS,,14/40,,,P,HPO:skoehler[2014-07-11];HPO:probinson[2022-10-30];ORCID:0000-0002-0736-9199[2025-03-05],2014-07-11
OMIM:615829,Xia-Gibbs syndrome,,HP:0000750,PMID:38357260;PMID:30622101;PMID:27148574;PMID:34950897;PMID:30152016;PMID:34073322;PMID:39359946;PMID:30729726;PMID:35716097;PMID:34229113;PMID:29230160;PMID:29696776;PMID:32256298;PMID:24791903,PCS,,40/40,,,P,HPO:probinson[2022-10-30];ORCID:0000-0002-0736-9199[2025-03-05],2022-10-30
OMIM:615829,Xia-Gibbs syndrome,,HP:0000508,PMID:35716097;PMID:27148574;PMID:34229113;PMID:29230160;PMID:31182893;PMID:30152016;PMID:29696776;PMID:32256298;PMID:30729726;PMID:24791903,PCS,,14/41,,HP:0012825,P,HPO:probinson[2022-10-30];ORCID:0000-0002-0736-9199[2025-03-05],2022-10-30
OMIM:615829,Xia-Gibbs syndrome,,HP:0000347,PMID:38357260;PMID:36157999;PMID:34229113;PMID:29230160;PMID:31182893;PMID:29696776;PMID:39359946;PMID:30729726;PMID:32256298;PMID:24791903,PCS,,12/27,,,P,HPO:skoehler[2014-07-11];HPO:probinson[2022-10-30];ORCID:0000-0002-0736-9199[2025-03-05],2014-07-11
OMIM:615829,Xia-Gibbs syndrome,,HP:0001252,PMID:24791903,PCS,HP:0003577,4/4,,,P,HPO:skoehler[2014-11-26];HPO:probinson[2022-10-30],2014-11-26
OMIM:615829,Xia-Gibbs syndrome,,HP:0000316,PMID:35716097;PMID:34950897;PMID:34229113;PMID:29230160;PMID:29696776;PMID:30729726;PMID:32256298;PMID:24791903,PCS,,14/35,,,P,HPO:skoehler[2014-07-11];HPO:probinson[2022-10-30];ORCID:0000-0002-0736-9199[2025-03-05],2014-07-11
OMIM:615829,Xia-Gibbs syndrome,,HP:0025336,PMID:36157999;PMID:34229113;PMID:29230160;PMID:30152016;PMID:30729726;PMID:24791903;PMID:33372375,PCS,,11/12,,,P,HPO:probinson[2022-10-30];ORCID:0000-0002-0736-9199[2025-03-05],2022-10-30
OMIM:615829,Xia-Gibbs syndrome,,HP:0006951,PMID:27148574;PMID:34229113;PMID:24791903,PCS,,4/15,,,P,HPO:skoehler[2014-07-11];HPO:probinson[2022-10-30];ORCID:0000-0002-0736-9199[2025-03-05],2014-07-11
OMIM:615829,Xia-Gibbs syndrome,,HP:0001249,PMID:35716097;PMID:27148574;PMID:30152016;PMID:39359946;PMID:32256298;PMID:24791903,PCS,,19/19,,,P,HPO:skoehler[2014-07-11];HPO:probinson[2022-10-30];ORCID:0000-0002-0736-9199[2025-03-05],2014-07-11
OMIM:615829,Xia-Gibbs syndrome,,HP:0002870,PMID:35716097;PMID:38357260;PMID:30152016;PMID:24791903,PCS,,8/9,,,P,HPO:skoehler[2014-07-11];HPO:probinson[2022-10-30];ORCID:0000-0002-0736-9199[2025-03-05],2014-07-11
OMIM:615829,Xia-Gibbs syndrome,,HP:0002079,PMID:38357260;PMID:30152016;PMID:24791903,PCS,,7/9,,,P,HPO:skoehler[2014-07-11];HPO:probinson[2022-10-30];ORCID:0000-0002-0736-9199[2025-03-05],2014-07-11
OMIM:615829,Xia-Gibbs syndrome,,HP:0001263,PMID:38357260;PMID:36157999;PMID:27148574;PMID:30622101;PMID:30152016;PMID:34073322;PMID:39359946;PMID:30729726;PMID:35716097;PMID:29230160;PMID:34229113;PMID:29696776;PMID:32256298;PMID:24791903;PMID:33372375,PCS,,54/54,,,P,HPO:skoehler[2014-07-11];HPO:probinson[2022-10-30];ORCID:0000-0002-0736-9199[2025-03-05],2014-07-11
OMIM:615829,Xia-Gibbs syndrome,,HP:0000385,PMID:34229113;PMID:29230160;PMID:29696776;PMID:39359946;PMID:32256298;PMID:30729726;PMID:24791903,PCS,,3/23,,,P,HPO:probinson[2022-10-30];ORCID:0000-0002-0736-9199[2025-03-05],2022-10-30
OMIM:615829,Xia-Gibbs syndrome,,HP:0001508,PMID:27148574;PMID:30152016;PMID:24791903,PCS,,9/15,,,P,HPO:skoehler[2014-07-11];HPO:probinson[2022-10-30];ORCID:0000-0002-0736-9199[2025-03-05],2014-07-11
OMIM:615829,Xia-Gibbs syndrome,,HP:0000411,PMID:34229113;PMID:29696776;PMID:39359946;PMID:30729726;PMID:32256298;PMID:24791903,PCS,,5/22,,,P,HPO:probinson[2022-10-30];ORCID:0000-0002-0736-9199[2025-03-05],2022-10-30
OMIM:615829,Xia-Gibbs syndrome,,HP:0009909,PMID:35716097;PMID:29230160;PMID:29696776;PMID:39359946;PMID:32256298;PMID:30729726;PMID:24791903;PMID:33372375,PCS,,6/25,,,P,HPO:skoehler[2014-08-24];HPO:probinson[2022-10-30];ORCID:0000-0002-0736-9199[2025-03-05],2014-08-24
OMIM:615829,Xia-Gibbs syndrome,,HP:0009879,PMID:34229113;PMID:24791903,PCS,,3/8,,,P,HPO:skoehler[2014-11-26];HPO:probinson[2022-10-30];HPO:probinson[2025-03-05];ORCID:0000-0002-0736-9199[2025-03-05],2014-11-26
OMIM:616276,"Coenzyme Q10 deficiency, primary, 7",,HP:0000286,PMID:22368301,PCS,,1/1,,,P,HPO:probinson[2022-11-10],2022-11-10
OMIM:616276,"Coenzyme Q10 deficiency, primary, 7",,HP:0002342,PMID:22368301,PCS,,1/1,,,P,HPO:probinson[2022-11-10],2022-11-10
OMIM:616276,"Coenzyme Q10 deficiency, primary, 7",,HP:0001252,PMID:22368301,PCS,HP:0003623,1/1,,,P,HPO:skoehler[2015-04-19];HPO:probinson[2022-11-10],2015-04-19
OMIM:616276,"Coenzyme Q10 deficiency, primary, 7",,HP:0000280,PMID:22368301,PCS,,1/1,,,P,HPO:probinson[2022-11-10],2022-11-10
OMIM:616276,"Coenzyme Q10 deficiency, primary, 7",,HP:0001324,PMID:22368301,PCS,,1/1,,,P,HPO:probinson[2022-11-10],2022-11-10
OMIM:616276,"Coenzyme Q10 deficiency, primary, 7",,HP:0001643,PMID:25658047,PCS,,0/2,,,P,HPO:skoehler[2015-04-19];HPO:probinson[2024-10-08],2015-04-19
OMIM:616276,"Coenzyme Q10 deficiency, primary, 7",,HP:0001662,PMID:25658047,PCS,,1/3,,,P,HPO:skoehler[2015-04-19];HPO:probinson[2024-10-08],2015-04-19
OMIM:616276,"Coenzyme Q10 deficiency, primary, 7",,HP:0000007,PMID:22368301,PCS,,,,,I,HPO:skoehler[2015-12-30];HPO:probinson[2022-11-10],2015-12-30
OMIM:616276,"Coenzyme Q10 deficiency, primary, 7",,HP:0003577,PMID:25658047;PMID:22368301;PMID:31396399;PMID:26185144,PCS,,9/23,,,C,HPO:probinson[2022-11-10];ORCID:0000-0002-0736-9199[2024-10-08],2022-11-10
OMIM:616276,"Coenzyme Q10 deficiency, primary, 7",,HP:0004383,OMIM:616276,IEA,,HP:0040284,,,P,HPO:skoehler[2018-10-08],2018-10-08
OMIM:616276,"Coenzyme Q10 deficiency, primary, 7",,HP:0001629,PMID:22368301,PCS,,1/1,,,P,HPO:probinson[2022-11-10],2022-11-10
OMIM:616276,"Coenzyme Q10 deficiency, primary, 7",,HP:0002650,PMID:25658047,PCS,,1/1,,,P,HPO:skoehler[2015-04-19];HPO:probinson[2024-10-08],2015-04-19
OMIM:616276,"Coenzyme Q10 deficiency, primary, 7",,HP:0002093,PMID:25658047,PCS,HP:0003623,3/3,,,P,HPO:skoehler[2015-04-19];HPO:probinson[2024-10-08],2015-04-19
OMIM:616276,"Coenzyme Q10 deficiency, primary, 7",,HP:0200134,PMID:25658047,PCS,,1/3,,,P,HPO:skoehler[2015-04-19];HPO:probinson[2024-10-08],2015-04-19
OMIM:617056,"Tubulointerstitial kidney disease, autosomal dominant, 5",,HP:0003676,PMID:27392076,PCS,,,,,C,HPO:skoehler[2017-07-13];HPO:probinson[2023-02-21],2017-07-13
OMIM:617056,"Tubulointerstitial kidney disease, autosomal dominant, 5",,HP:0004322,PMID:33185949;PMID:27392076,PCS,,2/4,,,P,HPO:skoehler[2017-07-13];HPO:probinson[2024-07-19];ORCID:0000-0002-0736-9199[2024-07-19],2017-07-13
OMIM:617056,"Tubulointerstitial kidney disease, autosomal dominant, 5",,HP:0002719,PMID:33185949;PMID:27392076,PCS,,2/6,,,P,HPO:skoehler[2018-10-08];HPO:probinson[2024-07-19];ORCID:0000-0002-0736-9199[2024-07-19];HPO:probinson[2024-07-19],2018-10-08
OMIM:617056,"Tubulointerstitial kidney disease, autosomal dominant, 5",,HP:0001903,PMID:27392076,PCS,HP:0003577,5/5,,,P,HPO:skoehler[2017-07-13];HPO:probinson[2023-02-21],2017-07-13
OMIM:617056,"Tubulointerstitial kidney disease, autosomal dominant, 5",,HP:0011463,PMID:27392076,PCS,,2/4,,,C,HPO:probinson[2023-02-21],2023-02-21
OMIM:617056,"Tubulointerstitial kidney disease, autosomal dominant, 5",,HP:0011462,PMID:27392076,PCS,,1/4,,,C,HPO:probinson[2023-02-21],2023-02-21
OMIM:617056,"Tubulointerstitial kidney disease, autosomal dominant, 5",,HP:0003621,PMID:27392076,PCS,,1/3,,,C,HPO:probinson[2023-02-21],2023-02-21
OMIM:617056,"Tubulointerstitial kidney disease, autosomal dominant, 5",,HP:0000112,PMID:27392076,PCS,,5/5,,,P,HPO:skoehler[2017-07-13];HPO:probinson[2023-02-21],2017-07-13
OMIM:617056,"Tubulointerstitial kidney disease, autosomal dominant, 5",,HP:0000097,PMID:27392076,PCS,,1/1,,,P,HPO:skoehler[2017-07-13];HPO:probinson[2024-07-19],2017-07-13
OMIM:617056,"Tubulointerstitial kidney disease, autosomal dominant, 5",,HP:0000107,PMID:27392076,PCS,,1/6,,,P,HPO:skoehler[2017-07-13];HPO:probinson[2024-07-19],2017-07-13
OMIM:617056,"Tubulointerstitial kidney disease, autosomal dominant, 5",,HP:0001511,PMID:27392076,PCS,,,,,P,HPO:skoehler[2017-07-13];HPO:probinson[2023-02-21],2017-07-13
OMIM:617056,"Tubulointerstitial kidney disease, autosomal dominant, 5",,HP:0000006,PMID:27392076,PCS,,,,,I,HPO:skoehler[2017-07-13];HPO:probinson[2023-02-21],2017-07-13
OMIM:617056,"Tubulointerstitial kidney disease, autosomal dominant, 5",,HP:0003259,PMID:33185949;PMID:27392076,PCS,,6/6,,,P,HPO:probinson[2023-02-21];ORCID:0000-0002-0736-9199[2024-07-19],2023-02-21
OMIM:614199,"Nephrotic syndrome, type 5, with or without ocular abnormalities",,HP:0003774,PMID:16912710,PCS,HP:0003593,4/4,,,P,HPO:probinson[2013-02-26];HPO:probinson[2020-07-20];HPO:probinson[2024-04-19],2013-02-26
OMIM:614199,"Nephrotic syndrome, type 5, with or without ocular abnormalities",,HP:0000486,PMID:16912710,PCS,,1/4,,,P,HPO:probinson[2013-02-26];HPO:probinson[2020-07-20],2013-02-26
OMIM:614199,"Nephrotic syndrome, type 5, with or without ocular abnormalities",,HP:0000100,PMID:16912710,PCS,HP:0003623,4/4,,,P,HPO:probinson[2013-02-26];HPO:probinson[2020-07-20];HPO:probinson[2024-04-19],2013-02-26
OMIM:614199,"Nephrotic syndrome, type 5, with or without ocular abnormalities",,HP:0000093,PMID:16912710,PCS,HP:0003593,4/4,,,P,HPO:probinson[2013-02-26];HPO:probinson[2020-07-20],2013-02-26
OMIM:614199,"Nephrotic syndrome, type 5, with or without ocular abnormalities",,HP:0000007,PMID:16912710,PCS,,,,,I,HPO:probinson[2013-01-09];HPO:probinson[2020-07-20],2013-01-09
OMIM:614199,"Nephrotic syndrome, type 5, with or without ocular abnormalities",,HP:0000545,PMID:16912710,PCS,,1/4,,,P,HPO:probinson[2013-02-26];HPO:probinson[2020-07-20],2013-02-26
OMIM:277000,Mayer-Rokitansky-Kuster-Hauser syndrome,,HP:0000013,OMIM:277000,IEA,,,,,P,HPO:iea[2009-02-17],2009-02-17
OMIM:277000,Mayer-Rokitansky-Kuster-Hauser syndrome,,HP:0003250,PMID:19889212,PCS,,2/2,,,P,HPO:iea[2009-02-17];HPO:probinson[2024-03-09],2009-02-17
OMIM:277000,Mayer-Rokitansky-Kuster-Hauser syndrome,,HP:0000006,OMIM:277000,IEA,,,,,I,HPO:iea[2009-02-17],2009-02-17
OMIM:117360,"Spinocerebellar ataxia 29, congenital nonprogressive",,HP:0000640,PMID:22986007,PCS,,2/4,,,P,HP:probinson[2022-03-14];HPO:probinson[2024-07-17],2022-03-14
OMIM:117360,"Spinocerebellar ataxia 29, congenital nonprogressive",,HP:0002384,PMID:22986007,PCS,,2/4,,,P,HP:probinson[2022-03-14];HPO:probinson[2024-07-17],2022-03-14
OMIM:117360,"Spinocerebellar ataxia 29, congenital nonprogressive",,HP:0000639,PMID:37821226;PMID:29925855;PMID:37964426;PMID:28488678;PMID:28620721;PMID:27062503;PMID:28826917;PMID:15623688;PMID:22986007;PMID:35743164;PMID:25794864,PCS,,32/43,,,P,HPO:iea[2009-02-17];HPO:probinson[2021-10-23];ORCID:0000-0002-0736-9199[2024-07-17];HP:probinson[2022-03-14],2009-02-17
OMIM:117360,"Spinocerebellar ataxia 29, congenital nonprogressive",,HP:0000006,PMID:15623688,PCS,,,,,I,HPO:iea[2009-02-17];HPO:probinson[2021-10-23],2009-02-17
OMIM:117360,"Spinocerebellar ataxia 29, congenital nonprogressive",,HP:0003577,PMID:37964426;PMID:28488678;PMID:27062503;PMID:28826917;PMID:15623688;PMID:25794864,PCS,,26/32,,,C,HPO:iea[2009-02-17];HPO:probinson[2021-10-23];ORCID:0000-0002-0736-9199[2024-07-17],2009-02-17
OMIM:117360,"Spinocerebellar ataxia 29, congenital nonprogressive",,HP:0001310,PMID:37821226;PMID:37964426;PMID:28488678;PMID:28620721;PMID:15623688,PCS,,24/26,,,P,HPO:skoehler[2013-02-25];HPO:probinson[2021-10-23];ORCID:0000-0002-0736-9199[2024-07-17],2013-02-25
OMIM:117360,"Spinocerebellar ataxia 29, congenital nonprogressive",,HP:0001270,PMID:15623688;PMID:35743164;PMID:22986007,PCS,,14/14,,,P,HPO:iea[2009-02-17];HPO:probinson[2021-10-23];ORCID:0000-0002-0736-9199[2024-07-17],2009-02-17
OMIM:117360,"Spinocerebellar ataxia 29, congenital nonprogressive",,HP:0002080,PMID:37964426;PMID:15623688;PMID:22986007,PCS,,13/16,,,P,HPO:skoehler[2013-02-25];HPO:probinson[2021-10-23];ORCID:0000-0002-0736-9199[2024-07-17];HP:probinson[2022-03-14],2013-02-25
OMIM:117360,"Spinocerebellar ataxia 29, congenital nonprogressive",,HP:0006855,PMID:29925855;PMID:28826917;PMID:15623688;PMID:22986007,PCS,,9/15,,,P,HP:probinson[2022-03-14];HPO:probinson[2024-07-17];HPO:iea[2009-02-17];HPO:probinson[2021-10-23];ORCID:0000-0002-0736-9199[2024-07-17],2022-03-14
OMIM:117360,"Spinocerebellar ataxia 29, congenital nonprogressive",,HP:0001320,PMID:15623688,PCS,,2/5,,,P,HPO:probinson[2021-10-23],2021-10-23
OMIM:117360,"Spinocerebellar ataxia 29, congenital nonprogressive",,HP:0002136,PMID:37821226;PMID:28826917,PCS,,2/2,,,P,HPO:iea[2009-02-17];HPO:probinson[2024-07-17];ORCID:0000-0002-0736-9199[2024-07-17],2009-02-17
OMIM:117360,"Spinocerebellar ataxia 29, congenital nonprogressive",,HP:0000750,PMID:37821226;PMID:37964426;PMID:22986007,PCS,,7/9,,,P,HP:probinson[2022-03-14];HPO:probinson[2024-07-17];ORCID:0000-0002-0736-9199[2024-07-17],2022-03-14
OMIM:117360,"Spinocerebellar ataxia 29, congenital nonprogressive",,HP:0001256,PMID:37964426;PMID:28488678;PMID:15623688;PMID:35743164;PMID:25794864,PCS,,23/23,,,P,HPO:probinson[2021-10-23];ORCID:0000-0002-0736-9199[2024-07-17],2021-10-23
OMIM:117360,"Spinocerebellar ataxia 29, congenital nonprogressive",,HP:0031629,PMID:37821226;PMID:37964426;PMID:15623688,PCS,,11/11,,,P,HPO:probinson[2021-10-23];ORCID:0000-0002-0736-9199[2024-07-17],2021-10-23
OMIM:117360,"Spinocerebellar ataxia 29, congenital nonprogressive",,HP:0002066,PMID:15623688;PMID:22986007,PCS,,6/13,,,P,HPO:probinson[2021-10-23];HP:probinson[2022-03-14],2021-10-23
OMIM:117360,"Spinocerebellar ataxia 29, congenital nonprogressive",,HP:0001252,PMID:25981959;PMID:29925855;PMID:37964426;PMID:28620721;PMID:28826917;PMID:22986007;PMID:35743164,PCS,,23/26,,,P,HP:probinson[2022-03-14];HPO:probinson[2024-07-17];ORCID:0000-0002-0736-9199[2024-07-17],2022-03-14
OMIM:117360,"Spinocerebellar ataxia 29, congenital nonprogressive",,HP:0030147,PMID:22986007,PCS,,2/4,,,P,HP:probinson[2022-03-14];HPO:probinson[2024-07-17],2022-03-14
OMIM:117360,"Spinocerebellar ataxia 29, congenital nonprogressive",,HP:0001260,PMID:37821226;PMID:37964426;PMID:28488678;PMID:28620721;PMID:28826917;PMID:15623688;PMID:22986007;PMID:35743164,PCS,,24/31,,,P,HPO:iea[2009-02-17];HPO:probinson[2021-10-23];ORCID:0000-0002-0736-9199[2024-07-17];HP:probinson[2022-03-14],2009-02-17
OMIM:117360,"Spinocerebellar ataxia 29, congenital nonprogressive",,HP:0002470,PMID:37821226;PMID:15623688,PCS,,12/12,,,P,HPO:iea[2009-02-17];HPO:probinson[2021-10-23];ORCID:0000-0002-0736-9199[2024-07-17],2009-02-17
OMIM:117360,"Spinocerebellar ataxia 29, congenital nonprogressive",,HP:0002075,PMID:15623688,PCS,,1/10,,,P,HPO:iea[2009-02-17];HPO:probinson[2021-10-23],2009-02-17
OMIM:117360,"Spinocerebellar ataxia 29, congenital nonprogressive",,HP:0002194,PMID:22986007,PCS,,1/4,,,P,HP:probinson[2022-03-14],2022-03-14
OMIM:117360,"Spinocerebellar ataxia 29, congenital nonprogressive",,HP:0002070,PMID:28826917;PMID:15623688;PMID:22986007,PCS,,6/15,,,P,HPO:skoehler[2013-02-25];HPO:probinson[2021-10-23];ORCID:0000-0002-0736-9199[2024-07-17];HP:probinson[2022-03-14],2013-02-25
OMIM:618977,Optic atrophy 12,,HP:0000613,PMID:29181157;PMID:26539208,PCS,,2/2,,,P,HPO:probinson[2020-09-04];ORCID:0000-0002-0736-9199[2025-10-19],2020-09-04
OMIM:618977,Optic atrophy 12,,HP:0007641,PMID:29181157,PCS,,1/1,,,P,HPO:probinson[2020-09-04],2020-09-04
OMIM:618977,Optic atrophy 12,,HP:0007663,PMID:29181157;PMID:26539208;PMID:32600459;PMID:32219868,PCS,,18/22,,,P,HPO:probinson[2020-09-04];ORCID:0000-0002-0736-9199[2025-10-19],2020-09-04
OMIM:618977,Optic atrophy 12,,HP:0030586,PMID:29181157,PCS,,,,,P,HPO:probinson[2020-09-04],2020-09-04
OMIM:618977,Optic atrophy 12,,HP:0000648,PMID:29181157;PMID:32600459;PMID:32219868,PCS,,7/7,,,P,HPO:probinson[2020-09-04];ORCID:0000-0002-0736-9199[2025-10-19],2020-09-04
OMIM:618977,Optic atrophy 12,,HP:0000543,PMID:29181157;PMID:26539208;PMID:32600459;PMID:32219868,PCS,,8/8,,,P,HPO:probinson[2020-09-04];ORCID:0000-0002-0736-9199[2025-10-19],2020-09-04
OMIM:618977,Optic atrophy 12,,HP:0000006,PMID:32600459,PCS,,,,,I,HPO:probinson[2020-09-04];HPO:probinson[2020-09-04],2020-09-04
OMIM:256810,Mitochondrial DNA depletion syndrome 6 (hepatocerebral type),,HP:0002661,OMIM:256810,IEA,,,,,P,HPO:iea[2009-02-17],2009-02-17
OMIM:256810,Mitochondrial DNA depletion syndrome 6 (hepatocerebral type),,HP:0004322,OMIM:256810,IEA,,,,,P,HPO:iea[2009-02-17],2009-02-17
OMIM:256810,Mitochondrial DNA depletion syndrome 6 (hepatocerebral type),,HP:0005010,OMIM:256810,TAS,,,,,P,HPO:iea[2009-02-17],2009-02-17
OMIM:256810,Mitochondrial DNA depletion syndrome 6 (hepatocerebral type),,HP:0002936,PMID:16909392,PCS,,3/6,,,P,HPO:probinson[2022-12-13],2022-12-13
OMIM:256810,Mitochondrial DNA depletion syndrome 6 (hepatocerebral type),,HP:0006994,PMID:16909392,PCS,,2/6,,,P,HPO:probinson[2022-12-13],2022-12-13
OMIM:256810,Mitochondrial DNA depletion syndrome 6 (hepatocerebral type),,HP:0002659,OMIM:256810,TAS,,,,,P,HPO:iea[2009-02-17],2009-02-17
OMIM:256810,Mitochondrial DNA depletion syndrome 6 (hepatocerebral type),,HP:0000495,PMID:16909392,PCS,,,,,P,HPO:iea[2009-02-17];HPO:probinson[2022-12-13],2009-02-17
OMIM:256810,Mitochondrial DNA depletion syndrome 6 (hepatocerebral type),,HP:0011924,PMID:16909392,PCS,,1/1,,,P,HPO:probinson[2022-12-13];HPO:probinson[2022-12-13],2022-12-13
OMIM:256810,Mitochondrial DNA depletion syndrome 6 (hepatocerebral type),,HP:0006582,OMIM:256810,IEA,,,,,P,HPO:iea[2009-02-17],2009-02-17
OMIM:256810,Mitochondrial DNA depletion syndrome 6 (hepatocerebral type),,HP:0000007,PMID:16582910,PCS,,,,,I,HPO:iea[2009-02-17];HPO:probinson[2022-12-13],2009-02-17
OMIM:256810,Mitochondrial DNA depletion syndrome 6 (hepatocerebral type),,HP:0007141,OMIM:256810,IEA,,,,,P,HPO:skoehler[2010-06-20],2010-06-20
OMIM:256810,Mitochondrial DNA depletion syndrome 6 (hepatocerebral type),,HP:0007021,OMIM:256810,TAS,,,,,P,HPO:skoehler[2012-10-17],2012-10-17
OMIM:256810,Mitochondrial DNA depletion syndrome 6 (hepatocerebral type),,HP:0001942,PMID:16909392,PCS,,5/6,,,P,HPO:probinson[2022-12-13],2022-12-13
OMIM:256810,Mitochondrial DNA depletion syndrome 6 (hepatocerebral type),,HP:0006579,PMID:16909392,PCS,,,,,P,HPO:iea[2009-02-17];HPO:probinson[2022-12-13],2009-02-17
OMIM:256810,Mitochondrial DNA depletion syndrome 6 (hepatocerebral type),,HP:0002136,PMID:16909392,PCS,,1/6,,,P,HPO:probinson[2022-12-13],2022-12-13
OMIM:256810,Mitochondrial DNA depletion syndrome 6 (hepatocerebral type),,HP:0002098,PMID:16909392,PCS,,1/6,,,P,HPO:probinson[2022-12-13],2022-12-13
OMIM:256810,Mitochondrial DNA depletion syndrome 6 (hepatocerebral type),,HP:0003676,PMID:16909392,PCS,,,,,C,HPO:skoehler[2012-10-17];HPO:probinson[2022-12-13],2012-10-17
OMIM:256810,Mitochondrial DNA depletion syndrome 6 (hepatocerebral type),,HP:0001251,OMIM:256810,TAS,,,,,P,HPO:skoehler[2012-10-17],2012-10-17
OMIM:256810,Mitochondrial DNA depletion syndrome 6 (hepatocerebral type),,HP:0001404,PMID:16909392,PCS,,1/6,,,P,HPO:probinson[2022-12-13],2022-12-13
OMIM:256810,Mitochondrial DNA depletion syndrome 6 (hepatocerebral type),,HP:0000559,PMID:16909392,PCS,,2/3,,,P,HPO:probinson[2022-12-13],2022-12-13
OMIM:256810,Mitochondrial DNA depletion syndrome 6 (hepatocerebral type),,HP:0001402,PMID:16909392,PCS,,1/6,,,P,HPO:probinson[2022-12-13],2022-12-13
OMIM:256810,Mitochondrial DNA depletion syndrome 6 (hepatocerebral type),,HP:0003323,PMID:16909392,PCS,,1/6,,,P,HPO:probinson[2022-12-13],2022-12-13
OMIM:256810,Mitochondrial DNA depletion syndrome 6 (hepatocerebral type),,HP:0003202,PMID:16909392,PCS,,1/6,,,P,HPO:probinson[2022-12-13],2022-12-13
OMIM:256810,Mitochondrial DNA depletion syndrome 6 (hepatocerebral type),,HP:0002505,PMID:16909392,PCS,,2/6,,,P,HPO:probinson[2022-12-13],2022-12-13
OMIM:256810,Mitochondrial DNA depletion syndrome 6 (hepatocerebral type),,HP:0001413,PMID:16909392,PCS,,1/6,,,P,HPO:probinson[2022-12-13],2022-12-13
OMIM:256810,Mitochondrial DNA depletion syndrome 6 (hepatocerebral type),,HP:0012804,PMID:16909392,PCS,,2/6,,,P,HPO:probinson[2022-12-13],2022-12-13
OMIM:256810,Mitochondrial DNA depletion syndrome 6 (hepatocerebral type),,HP:0007460,OMIM:256810,TAS,,,,,P,HP:probinson[2018-07-01];HP:probinson[2018-07-14],2018-07-01
OMIM:256810,Mitochondrial DNA depletion syndrome 6 (hepatocerebral type),,HP:0001988,PMID:16909392,PCS,,2/6,,,P,HPO:probinson[2022-12-13],2022-12-13
OMIM:256810,Mitochondrial DNA depletion syndrome 6 (hepatocerebral type),,HP:0006121,OMIM:256810,TAS,,,,,P,HP:probinson[2018-07-01];HP:probinson[2018-07-14],2018-07-01
OMIM:256810,Mitochondrial DNA depletion syndrome 6 (hepatocerebral type),,HP:0001510,PMID:16909392,PCS,,3/6,,,P,HPO:probinson[2022-12-13],2022-12-13
OMIM:613826,Leber congenital amaurosis 6,,HP:0000563,PMID:24066033;PMID:26047050;PMID:31666973,PCS,,1/15,,,P,HPO:probinson[2013-08-10];HPO:probinson[2024-11-02];ORCID:0000-0002-0736-9199[2024-11-02],2013-08-10
OMIM:613826,Leber congenital amaurosis 6,,HP:0000518,PMID:28453600;PMID:30576320;PMID:31666973,PCS,,1/9,,,P,HPO:probinson[2013-08-10];HPO:probinson[2024-11-02];ORCID:0000-0002-0736-9199[2024-11-02],2013-08-10
OMIM:613826,Leber congenital amaurosis 6,,HP:0008499,OMIM:613826,TAS,,,,,P,HPO:probinson[2013-08-10],2013-08-10
OMIM:613826,Leber congenital amaurosis 6,,HP:0001141,PMID:29053603,PCS,,1/1,,,P,HPO:probinson[2013-08-10];HPO:probinson[2024-11-02],2013-08-10
OMIM:613826,Leber congenital amaurosis 6,,HP:0000007,OMIM:613826,TAS,,,,,I,HPO:probinson[2013-01-09],2013-01-09
OMIM:613826,Leber congenital amaurosis 6,,HP:0000613,PMID:26992781;PMID:23505306;PMID:21602930;PMID:33308271;PMID:18682808;PMID:32736544,PCS,,8/23,,,P,HPO:probinson[2013-08-10];HPO:probinson[2024-11-02];ORCID:0000-0002-0736-9199[2024-11-02],2013-08-10
OMIM:613826,Leber congenital amaurosis 6,,HP:0000550,OMIM:613826,TAS,,,,,P,HPO:probinson[2013-08-10],2013-08-10
OMIM:613826,Leber congenital amaurosis 6,,HP:0012043,OMIM:613826,TAS,,,,,P,HPO:probinson[2013-08-10],2013-08-10
OMIM:610042,Pitt-Hopkins like syndrome 1,,HP:0002465,OMIM:610042,IEA,,,,,P,HPO:skoehler[2018-10-08],2018-10-08
OMIM:610042,Pitt-Hopkins like syndrome 1,,HP:0002463,OMIM:610042,IEA,,,,,P,HPO:skoehler[2018-10-08],2018-10-08
OMIM:610042,Pitt-Hopkins like syndrome 1,,HP:0001251,PMID:23074684;PMID:37183190,PCS,,6/12,,,P,HPO:skoehler[2018-10-08];HPO:probinson[2024-08-19];ORCID:0000-0002-0736-9199[2024-08-19],2018-10-08
OMIM:610042,Pitt-Hopkins like syndrome 1,,HP:0001290,OMIM:610042,IEA,,,,,P,HPO:skoehler[2019-04-18],2019-04-18
OMIM:610042,Pitt-Hopkins like syndrome 1,,HP:0000752,PMID:16571880,PCS,,,,,P,HPO:probinson[2013-03-31];HPO:probinson[2023-03-04],2013-03-31
OMIM:610042,Pitt-Hopkins like syndrome 1,,HP:0001249,PMID:27439707,PCS,HP:0011463,1/1,,,P,HPO:probinson[2013-03-31];HPO:probinson[2023-03-04],2013-03-31
OMIM:610042,Pitt-Hopkins like syndrome 1,,HP:0001344,OMIM:610042,IEA,,,,,P,HPO:skoehler[2018-10-08],2018-10-08
OMIM:610042,Pitt-Hopkins like syndrome 1,,HP:0002353,PMID:34778490;PMID:26843181;PMID:33895390;PMID:30762603;PMID:27439707;PMID:37183190;PMID:19302947;PMID:16571880;PMID:33042910,PCS,,30/37,,,P,HPO:skoehler[2018-10-08];HPO:probinson[2024-08-19];ORCID:0000-0002-0736-9199[2024-08-19],2018-10-08
OMIM:610042,Pitt-Hopkins like syndrome 1,,HP:0002197,OMIM:610042,IEA,,,,,P,HPO:skoehler[2018-10-08],2018-10-08
OMIM:610042,Pitt-Hopkins like syndrome 1,,HP:0002194,PMID:34778490;PMID:23074684;PMID:27439707;PMID:16571880;PMID:25045150,PCS,,12/13,,,P,HPO:probinson[2013-01-09];HPO:probinson[2023-03-04];ORCID:0000-0002-0736-9199[2024-08-19],2013-01-09
OMIM:610042,Pitt-Hopkins like syndrome 1,,HP:0000007,PMID:16571880,PCS,,,,,I,HPO:skoehler[2019-04-18];HPO:probinson[2023-03-04],2019-04-18
OMIM:610042,Pitt-Hopkins like syndrome 1,,HP:0002349,PMID:16571880,PCS,,3/9,,,P,HPO:probinson[2023-03-04];HPO:probinson[2023-03-04],2023-03-04
OMIM:610042,Pitt-Hopkins like syndrome 1,,HP:0001257,PMID:37183190;PMID:27439707;PMID:33042910,PCS,,2/10,,,P,HPO:skoehler[2018-10-08];HPO:probinson[2024-08-19];ORCID:0000-0002-0736-9199[2024-08-19],2018-10-08
OMIM:610042,Pitt-Hopkins like syndrome 1,,HP:0002883,PMID:23074684;PMID:19896112;PMID:21827697;PMID:37183190;PMID:27439707;PMID:16571880;PMID:25045150,PCS,,8/45,,,P,HPO:skoehler[2019-04-18];ORCID:0000-0002-0736-9199[2024-08-19],2019-04-18
OMIM:610042,Pitt-Hopkins like syndrome 1,,HP:0007064,OMIM:610042,TAS,,,,,P,HPO:probinson[2013-03-31],2013-03-31
OMIM:610042,Pitt-Hopkins like syndrome 1,,HP:0000256,PMID:35911904,PCS,,1/1,,,P,HPO:skoehler[2019-04-18];HPO:probinson[2024-08-19],2019-04-18
OMIM:610042,Pitt-Hopkins like syndrome 1,,HP:0002133,PMID:16571880,PCS,,3/9,,,P,HPO:probinson[2023-03-04],2023-03-04
OMIM:610042,Pitt-Hopkins like syndrome 1,,HP:0012760,OMIM:610042,TAS,,,,,P,HPO:probinson[2013-03-31],2013-03-31
OMIM:610042,Pitt-Hopkins like syndrome 1,,HP:0007018,PMID:16571880,PCS,,8/9,,,P,HPO:probinson[2023-03-04],2023-03-04
OMIM:610042,Pitt-Hopkins like syndrome 1,,HP:0001315,OMIM:610042,TAS,,,,,P,HPO:probinson[2013-03-31],2013-03-31
OMIM:616325,"Myasthenic syndrome, congenital, 9, associated with acetylcholine receptor deficiency",,HP:0003473,PMID:15496425,PCS,,1/1,,,P,HPO:probinson[2023-03-22],2023-03-22
OMIM:616325,"Myasthenic syndrome, congenital, 9, associated with acetylcholine receptor deficiency",,HP:0001252,OMIM:616325,TAS,HP:0003623,,,,P,HPO:skoehler[2015-05-31],2015-05-31
OMIM:616325,"Myasthenic syndrome, congenital, 9, associated with acetylcholine receptor deficiency",,HP:0003593,OMIM:616325,TAS,,,,,C,HPO:skoehler[2015-12-30],2015-12-30
OMIM:616325,"Myasthenic syndrome, congenital, 9, associated with acetylcholine receptor deficiency",,HP:0003623,PMID:15496425,PCS,,1/1,,,C,HPO:probinson[2023-03-22],2023-03-22
OMIM:616325,"Myasthenic syndrome, congenital, 9, associated with acetylcholine receptor deficiency",,HP:0003324,PMID:15496425,PCS,,1/1,,,P,HPO:probinson[2023-03-22],2023-03-22
OMIM:616325,"Myasthenic syndrome, congenital, 9, associated with acetylcholine receptor deficiency",,HP:0000007,PMID:15496425,PCS,,,,,I,HPO:skoehler[2015-12-30];HPO:probinson[2023-03-22],2015-12-30
OMIM:616325,"Myasthenic syndrome, congenital, 9, associated with acetylcholine receptor deficiency",,HP:0001319,OMIM:616325,TAS,,,,,P,HPO:skoehler[2015-12-30],2015-12-30
OMIM:607398,Glucocorticoid deficiency 2,,HP:0001988,PMID:16868047;PMID:15654338,PCS,,11/11,,,P,HPO:iea[2009-02-17];HPO:probinson[2022-11-26];HPO:probinson[2024-03-13],2009-02-17
OMIM:607398,Glucocorticoid deficiency 2,,HP:0000007,PMID:15654338,PCS,,,,,I,HPO:iea[2009-02-17];HPO:probinson[2022-11-26],2009-02-17
OMIM:607398,Glucocorticoid deficiency 2,,HP:0000953,PMID:27660747,PCS,,1/1,,,P,HPO:iea[2009-02-17];HPO:probinson[2022-11-26];HPO:probinson[2024-03-13],2009-02-17
OMIM:162000,"Tubulointerstitial kidney disease, autosomal dominant, 1",,HP:0003676,PMID:12471200,PCS,,,,,C,HPO:skoehler[2013-05-07];HPO:probinson[2022-04-01],2013-05-07
OMIM:162000,"Tubulointerstitial kidney disease, autosomal dominant, 1",,HP:0000123,OMIM:162000,IEA,,,,,P,HPO:skoehler[2018-10-08],2018-10-08
OMIM:162000,"Tubulointerstitial kidney disease, autosomal dominant, 1",,HP:0000083,PMID:12471200,PCS,,12/12,,,P,HPO:iea[2009-02-17];HPO:probinson[2022-04-01],2009-02-17
OMIM:162000,"Tubulointerstitial kidney disease, autosomal dominant, 1",,HP:0000092,PMID:12471200;PMID:36606057;PMID:28509303;PMID:32847529;PMID:17245395;PMID:37487849;PMID:31068150;PMID:25786455;PMID:14531790,PCS,,24/24,,,P,HPO:skoehler[2013-05-07];HPO:probinson[2022-04-01];ORCID:0000-0002-0736-9199[2024-08-08],2013-05-07
OMIM:162000,"Tubulointerstitial kidney disease, autosomal dominant, 1",,HP:0012213,PMID:12471200,PCS,,28/32,,,P,HPO:probinson[2022-04-01],2022-04-01
OMIM:162000,"Tubulointerstitial kidney disease, autosomal dominant, 1",,HP:0000006,PMID:12471200,PCS,,,,,I,HPO:iea[2009-02-17];HPO:probinson[2022-04-01],2009-02-17
OMIM:162000,"Tubulointerstitial kidney disease, autosomal dominant, 1",,HP:0002149,PMID:12471200;PMID:28509303;PMID:23826568;PMID:15673476;PMID:23197950;PMID:23988501;PMID:33574344;PMID:37487849;PMID:34904096;PMID:15575003;PMID:25786455;PMID:14531790;PMID:36606057;PMID:21060763;PMID:32847529;PMID:29513881;PMID:17245395;PMID:29569962;PMID:15844001;PMID:15983957;PMID:20151160;PMID:27764983;PMID:33616882,PCS,,100/130,,,P,HPO:skoehler[2019-04-18];HPO:probinson[2022-04-01];ORCID:0000-0002-0736-9199[2024-08-08],2019-04-18
OMIM:616900,"Hypotonia, infantile, with psychomotor retardation and characteristic facies 3",,HP:0001298,PMID:27040692,PCS,,,,,P,HPO:probinson[2017-06-24],2017-06-24
OMIM:616900,"Hypotonia, infantile, with psychomotor retardation and characteristic facies 3",,HP:0006989,PMID:27040692,PCS,,,,,P,HPO:probinson[2017-06-24],2017-06-24
OMIM:616900,"Hypotonia, infantile, with psychomotor retardation and characteristic facies 3",,HP:0012736,PMID:27040692,PCS,,5/5,,,P,HPO:probinson[2017-06-24],2017-06-24
OMIM:616900,"Hypotonia, infantile, with psychomotor retardation and characteristic facies 3",,HP:0012697,PMID:27040692,PCS,,,,,P,HPO:probinson[2017-06-24],2017-06-24
OMIM:616900,"Hypotonia, infantile, with psychomotor retardation and characteristic facies 3",,HP:0000007,PMID:27040692,PCS,,,,,I,HPO:probinson[2017-06-24],2017-06-24
OMIM:616900,"Hypotonia, infantile, with psychomotor retardation and characteristic facies 3",,HP:0010945,PMID:27040691,PCS,HP:0011461,1/13,,,P,HPO:probinson[2019-09-03],2019-09-03
OMIM:616900,"Hypotonia, infantile, with psychomotor retardation and characteristic facies 3",,HP:0012444,PMID:27040692,PCS,,,,,P,HPO:probinson[2017-06-24],2017-06-24
OMIM:616900,"Hypotonia, infantile, with psychomotor retardation and characteristic facies 3",,HP:0001320,PMID:27040692,PCS,,,,,P,HPO:probinson[2017-06-24],2017-06-24
OMIM:616900,"Hypotonia, infantile, with psychomotor retardation and characteristic facies 3",,HP:0001562,PMID:27040691,PCS,HP:0030674,1/11,,,P,HPO:probinson[2019-09-03],2019-09-03
OMIM:616900,"Hypotonia, infantile, with psychomotor retardation and characteristic facies 3",,HP:0001321,OMIM:616900,TAS,,,,,P,HPO:skoehler[2017-07-13],2017-07-13
OMIM:616900,"Hypotonia, infantile, with psychomotor retardation and characteristic facies 3",,HP:0002093,PMID:27040692;PMID:30103036;PMID:29283439,PCS,,10/15,,,P,HPO:skoehler[2019-09-07];HPO:probinson[2024-10-14];ORCID:0000-0002-0736-9199[2024-10-04];ORCID:0000-0002-0736-9199[2024-10-14],2019-09-07
OMIM:616900,"Hypotonia, infantile, with psychomotor retardation and characteristic facies 3",,HP:0011471,PMID:27040692,PCS,,5/5,,,P,HPO:probinson[2017-06-24],2017-06-24
OMIM:616900,"Hypotonia, infantile, with psychomotor retardation and characteristic facies 3",,HP:0001837,PMID:27040691,PCS,,1/13,,,P,HPO:probinson[2019-09-03],2019-09-03
OMIM:616900,"Hypotonia, infantile, with psychomotor retardation and characteristic facies 3",,HP:0001558,PMID:27040691,PCS,HP:0030674,1/11,,,P,HPO:probinson[2019-09-03],2019-09-03
OMIM:616900,"Hypotonia, infantile, with psychomotor retardation and characteristic facies 3",,HP:0002465,PMID:27040691,PCS,,,,,P,HPO:skoehler[2017-07-13];HPO:probinson[2019-09-03],2017-07-13
OMIM:616900,"Hypotonia, infantile, with psychomotor retardation and characteristic facies 3",,HP:0006829,PMID:27040692,PCS,,5/5,,,P,HPO:probinson[2017-06-24],2017-06-24
OMIM:616900,"Hypotonia, infantile, with psychomotor retardation and characteristic facies 3",,HP:0012708,PMID:27040692,PCS,,3/3,,,P,HPO:probinson[2017-06-24],2017-06-24
OMIM:616900,"Hypotonia, infantile, with psychomotor retardation and characteristic facies 3",,HP:0002079,PMID:27040691,PCS,,,,,P,HPO:skoehler[2017-07-13];HPO:probinson[2019-09-03],2017-07-13
OMIM:616900,"Hypotonia, infantile, with psychomotor retardation and characteristic facies 3",,HP:0001500,PMID:27040691,PCS,,1/13,,,P,HPO:probinson[2019-09-03],2019-09-03
OMIM:616900,"Hypotonia, infantile, with psychomotor retardation and characteristic facies 3",,HP:0002059,OMIM:616900,TAS,,,,,P,HPO:skoehler[2017-07-13],2017-07-13
OMIM:616900,"Hypotonia, infantile, with psychomotor retardation and characteristic facies 3",,HP:0012510,PMID:27040692,PCS,,5/5,,,P,HPO:probinson[2017-06-24],2017-06-24
